{"_id":{"$oid":"5bf67937ff381131470b9b54"},"title":"mongodb fundamentals","desc":"a mongo book","by":"tutorials hub","url":"http://www.tutorialshub.com","tags":["mongodb","database","NoSQL"],"likes":100.0}
{"_id":{"$oid":"5bf67963ff381131470b9b55"},"title":"Nosql overview","desc":"nosql db","by":"tutorials hub","url":"http://www.tutorialshub.com","tags":["mongodb","database","NoSQL"],"likes":10.0}
{"_id":{"$oid":"5bf679a9ff381131470b9b56"},"title":"neo4j overview","desc":"neo4j nosql db","by":"Neo4j","url":"http://www.neo4j.com","tags":["neo4j","database","NoSQL"],"likes":400.0}
