{"_id":{"$oid":"5bf42e529bb586820d628669"},"item":"journal","qty":25.0,"tags":["blank","red"],"dim_cm":[14.0,21.0]}
{"_id":{"$oid":"5bf42e529bb586820d62866a"},"item":"notebook","qty":50.0,"tags":["red","blank"],"dim_cm":[14.0,21.0]}
{"_id":{"$oid":"5bf42e529bb586820d62866b"},"item":"paper","qty":100.0,"tags":["red","blank","plain"],"dim_cm":[14.0,21.0]}
{"_id":{"$oid":"5bf42e529bb586820d62866c"},"item":"planner","qty":75.0,"tags":["blank","red"],"dim_cm":[22.85,30.0]}
{"_id":{"$oid":"5bf42e529bb586820d62866d"},"item":"postcard","qty":45.0,"tags":["blue"],"dim_cm":[10.0,15.25]}
